{
	"credit": "Made with Blockbench",
	"textures": {
		"0": "item/grenade",
		"1": "block/iron_block",
		"particle": "item/grenade"
	},
	"elements": [
		{
			"from": [6, 0, 6],
			"to": [10, 1, 10],
			"faces": {
				"north": {"uv": [8, 3, 10, 3.5], "texture": "#0"},
				"east": {"uv": [8, 3.5, 10, 4], "texture": "#0"},
				"south": {"uv": [8, 4, 10, 4.5], "texture": "#0"},
				"west": {"uv": [8, 4.5, 10, 5], "texture": "#0"},
				"up": {"uv": [5, 8, 3, 6], "texture": "#0"},
				"down": {"uv": [8, 3, 6, 5], "texture": "#0"}
			}
		},
		{
			"from": [7, 1.5, 4.5],
			"to": [9, 8.5, 5.5],
			"rotation": {"angle": 22.5, "axis": "x", "origin": [8, 7.5, 4]},
			"faces": {
				"north": {"uv": [0, 0, 2, 7], "texture": "#1"},
				"east": {"uv": [4, 0, 5, 7], "texture": "#1"},
				"south": {"uv": [2, 0, 4, 7], "texture": "#1"},
				"west": {"uv": [5, 0, 6, 7], "texture": "#1"},
				"up": {"uv": [8, 1, 6, 0], "texture": "#1"},
				"down": {"uv": [8, 1, 6, 2], "texture": "#1"}
			}
		},
		{
			"from": [6, 7, 6],
			"to": [10, 8, 10],
			"faces": {
				"north": {"uv": [5, 8, 7, 8.5], "texture": "#0"},
				"east": {"uv": [8, 7, 10, 7.5], "texture": "#0"},
				"south": {"uv": [8, 7.5, 10, 8], "texture": "#0"},
				"west": {"uv": [8, 8, 10, 8.5], "texture": "#0"},
				"up": {"uv": [7, 8, 5, 6], "texture": "#0"},
				"down": {"uv": [9, 5, 7, 7], "texture": "#0"}
			}
		},
		{
			"from": [5, 1, 5],
			"to": [11, 7, 11],
			"faces": {
				"north": {"uv": [0, 0, 3, 3], "texture": "#0"},
				"east": {"uv": [0, 3, 3, 6], "texture": "#0"},
				"south": {"uv": [3, 0, 6, 3], "texture": "#0"},
				"west": {"uv": [3, 3, 6, 6], "texture": "#0"},
				"up": {"uv": [3, 9, 0, 6], "texture": "#0"},
				"down": {"uv": [9, 0, 6, 3], "texture": "#0"}
			}
		}
	],
	"gui_light": "front",
	"display": {
		"thirdperson_righthand": {
			"rotation": [75, 45, 0],
			"translation": [0, 2.5, 0],
			"scale": [0.375, 0.375, 0.375]
		},
		"thirdperson_lefthand": {
			"rotation": [75, 45, 0],
			"translation": [0, 2.5, 0],
			"scale": [0.375, 0.375, 0.375]
		},
		"firstperson_righthand": {
			"rotation": [0, 45, 0],
			"scale": [0.4, 0.4, 0.4]
		},
		"firstperson_lefthand": {
			"rotation": [0, 225, 0],
			"scale": [0.4, 0.4, 0.4]
		},
		"ground": {
			"translation": [0, 3, 0],
			"scale": [0.25, 0.25, 0.25]
		},
		"gui": {
			"rotation": [30, 225, 0],
			"scale": [0.625, 0.625, 0.625]
		},
		"head": {
			"translation": [0, 13.25, 0]
		},
		"fixed": {
			"scale": [0.5, 0.5, 0.5]
		}
	}
}