{
	"credit": "Made with Blockbench",
	"textures": {
		"0": "block/end_stone",
		"1": "block/soul_magma",
		"particle": "end_stone"
	},
	"elements": [
		{
			"from": [0, 0, 2],
			"to": [16, 6, 16],
			"faces": {
				"north": {"uv": [0, 0, 16, 6], "texture": "#1"},
				"east": {"uv": [0, 0, 14, 6], "texture": "#0"},
				"south": {"uv": [0, 0, 16, 6], "texture": "#0"},
				"west": {"uv": [0, 0, 14, 6], "texture": "#0"},
				"up": {"uv": [0, 0, 16, 14], "texture": "#1"},
				"down": {"uv": [0, 0, 16, 14], "texture": "#0"}
			}
		},
		{
			"from": [10, 0, 0],
			"to": [16, 6, 2],
			"faces": {
				"north": {"uv": [0, 0, 6, 6], "texture": "#0"},
				"east": {"uv": [0, 0, 2, 6], "texture": "#0"},
				"south": {"uv": [0, 0, 6, 6], "texture": "#0"},
				"west": {"uv": [0, 0, 2, 6], "texture": "#0"},
				"up": {"uv": [0, 0, 6, 2], "texture": "#1"},
				"down": {"uv": [0, 0, 6, 2], "texture": "#0"}
			}
		},
		{
			"from": [0, 0, 0],
			"to": [6, 6, 2],
			"faces": {
				"north": {"uv": [0, 0, 6, 6], "texture": "#0"},
				"east": {"uv": [0, 0, 2, 6], "texture": "#0"},
				"south": {"uv": [0, 0, 6, 6], "texture": "#0"},
				"west": {"uv": [0, 0, 2, 6], "texture": "#0"},
				"up": {"uv": [0, 0, 6, 2], "texture": "#1"},
				"down": {"uv": [0, 0, 6, 2], "texture": "#0"}
			}
		},
		{
			"from": [0, 6, 0],
			"to": [16, 12, 2],
			"faces": {
				"north": {"uv": [0, 0, 16, 6], "texture": "#0"},
				"east": {"uv": [0, 0, 2, 6], "texture": "#0"},
				"south": {"uv": [0, 0, 16, 6], "texture": "#1"},
				"west": {"uv": [0, 0, 2, 6], "texture": "#0"},
				"up": {"uv": [0, 0, 16, 2], "texture": "#0"},
				"down": {"uv": [0, 0, 16, 2], "texture": "#0"}
			}
		},
		{
			"from": [0, 6, 14],
			"to": [16, 12, 16],
			"faces": {
				"north": {"uv": [0, 0, 16, 6], "texture": "#1"},
				"east": {"uv": [0, 0, 2, 6], "texture": "#0"},
				"south": {"uv": [0, 0, 16, 6], "texture": "#0"},
				"west": {"uv": [0, 0, 2, 6], "texture": "#0"},
				"up": {"uv": [0, 0, 16, 2], "texture": "#0"},
				"down": {"uv": [0, 0, 16, 2], "texture": "#0"}
			}
		},
		{
			"from": [0, 6, 2],
			"to": [2, 12, 14],
			"faces": {
				"north": {"uv": [0, 0, 2, 6], "texture": "#1"},
				"east": {"uv": [0, 0, 12, 6], "texture": "#1"},
				"south": {"uv": [0, 0, 2, 6], "texture": "#0"},
				"west": {"uv": [0, 0, 12, 6], "texture": "#0"},
				"up": {"uv": [0, 0, 2, 12], "texture": "#0"},
				"down": {"uv": [0, 0, 2, 12], "texture": "#0"}
			}
		},
		{
			"from": [14, 6, 2],
			"to": [16, 12, 14],
			"faces": {
				"north": {"uv": [0, 0, 2, 6], "texture": "#1"},
				"east": {"uv": [0, 0, 12, 6], "texture": "#0"},
				"south": {"uv": [0, 0, 2, 6], "texture": "#0"},
				"west": {"uv": [0, 0, 12, 6], "texture": "#1"},
				"up": {"uv": [0, 0, 2, 12], "texture": "#0"},
				"down": {"uv": [0, 0, 2, 12], "texture": "#0"}
			}
		}
	],
	"display": {
		"thirdperson_righthand": {
			"rotation": [75, 45, 0],
			"translation": [0, 2.5, 0],
			"scale": [0.375, 0.375, 0.375]
		},
		"thirdperson_lefthand": {
			"rotation": [75, 45, 0],
			"translation": [0, 2.5, 0],
			"scale": [0.375, 0.375, 0.375]
		},
		"firstperson_righthand": {
			"rotation": [0, 45, 0],
			"scale": [0.4, 0.4, 0.4]
		},
		"firstperson_lefthand": {
			"rotation": [0, 225, 0],
			"scale": [0.4, 0.4, 0.4]
		},
		"ground": {
			"translation": [0, 3, 0],
			"scale": [0.25, 0.25, 0.25]
		},
		"gui": {
			"rotation": [30, 225, 0],
			"scale": [0.625, 0.625, 0.625]
		},
		"fixed": {
			"rotation": [-90, -180, 0],
			"translation": [0, 0, -15],
			"scale": [2, 2, 2]
		}
	}
}