{
	"credit": "Made with Blockbench",
	"textures": {
		"0": "block/iron_block_no_outline",
		"1": "block/coal_block",
		"particle": "block/iron_block_no_outline"
	},
	"elements": [
		{
			"from": [5, 0, 15],
			"to": [11, 8, 16],
			"rotation": {"angle": 0, "axis": "y", "origin": [10, 0, 11]},
			"faces": {
				"north": {"uv": [0, 0, 6, 8], "texture": "#0"},
				"east": {"uv": [0, 0, 1, 8], "texture": "#0"},
				"south": {"uv": [5, 1, 11, 9], "texture": "#0"},
				"west": {"uv": [0, 0, 1, 8], "texture": "#0"},
				"up": {"uv": [0, 0, 6, 1], "texture": "#0"},
				"down": {"uv": [0, 0, 6, 1], "texture": "#0"}
			}
		},
		{
			"from": [5, 8, 13],
			"to": [11, 16, 14],
			"rotation": {"angle": 0, "axis": "y", "origin": [10, 8, 9]},
			"faces": {
				"north": {"uv": [0, 0, 6, 8], "texture": "#0"},
				"east": {"uv": [0, 0, 1, 8], "texture": "#0"},
				"south": {"uv": [5, 1, 11, 9], "texture": "#0"},
				"west": {"uv": [0, 0, 1, 8], "texture": "#0"},
				"up": {"uv": [0, 0, 6, 1], "texture": "#0"},
				"down": {"uv": [0, 0, 6, 1], "texture": "#0"}
			}
		},
		{
			"from": [5, 4, 14],
			"to": [11, 12, 15],
			"rotation": {"angle": 0, "axis": "y", "origin": [10, 4, 10]},
			"faces": {
				"north": {"uv": [0, 0, 6, 8], "texture": "#0"},
				"east": {"uv": [0, 0, 1, 8], "texture": "#0"},
				"south": {"uv": [5, 1, 11, 9], "texture": "#0"},
				"west": {"uv": [0, 0, 1, 8], "texture": "#0"},
				"up": {"uv": [0, 0, 6, 1], "texture": "#0"},
				"down": {"uv": [0, 0, 6, 1], "texture": "#0"}
			}
		},
		{
			"from": [12, 5, 5],
			"to": [13, 21, 11],
			"rotation": {"angle": 0, "axis": "y", "origin": [10, 13, 7]},
			"faces": {
				"north": {"uv": [0, 0, 1, 16], "texture": "#0"},
				"east": {"uv": [5, 0, 11, 16], "texture": "#0"},
				"south": {"uv": [0, 0, 1, 16], "texture": "#0"},
				"west": {"uv": [0, 0, 6, 16], "texture": "#0"},
				"up": {"uv": [0, 0, 1, 6], "texture": "#0"},
				"down": {"uv": [0, 0, 1, 6], "texture": "#0"}
			}
		},
		{
			"from": [3, 5, 5],
			"to": [4, 21, 11],
			"rotation": {"angle": 0, "axis": "y", "origin": [1, 13, 7]},
			"faces": {
				"north": {"uv": [0, 0, 1, 16], "texture": "#0"},
				"east": {"uv": [0, 0, 6, 16], "texture": "#0"},
				"south": {"uv": [0, 0, 1, 16], "texture": "#0"},
				"west": {"uv": [5, 0, 11, 16], "texture": "#0"},
				"up": {"uv": [0, 0, 1, 6], "texture": "#0"},
				"down": {"uv": [0, 0, 1, 6], "texture": "#0"}
			}
		},
		{
			"from": [4, 5, 4],
			"to": [12, 21, 12],
			"rotation": {"angle": 0, "axis": "y", "origin": [9, 13, 7]},
			"faces": {
				"north": {"uv": [0, 0, 8, 16], "texture": "#0"},
				"east": {"uv": [0, 0, 8, 16], "texture": "#0"},
				"south": {"uv": [0, 0, 8, 16], "texture": "#0"},
				"west": {"uv": [0, 0, 8, 16], "texture": "#0"},
				"up": {"uv": [4, 1, 12, 9], "texture": "#0"},
				"down": {"uv": [4, 1, 12, 9], "texture": "#0"}
			}
		},
		{
			"from": [5, 21, 5],
			"to": [11, 28, 11],
			"rotation": {"angle": 0, "axis": "y", "origin": [9, 24, 7]},
			"faces": {
				"north": {"uv": [5, 1, 11, 8], "texture": "#0"},
				"east": {"uv": [5, 1, 11, 8], "texture": "#0"},
				"south": {"uv": [5, 1, 11, 8], "texture": "#0"},
				"west": {"uv": [5, 1, 11, 8], "texture": "#0"},
				"up": {"uv": [5, 1, 11, 7], "texture": "#0"},
				"down": {"uv": [0, 0, 6, 6], "texture": "#0"}
			}
		},
		{
			"from": [6, 28, 6],
			"to": [10, 32, 10],
			"rotation": {"angle": 0, "axis": "y", "origin": [9, 27, 7]},
			"faces": {
				"north": {"uv": [6, 1, 10, 5], "texture": "#0"},
				"east": {"uv": [5, 1, 9, 5], "texture": "#0"},
				"south": {"uv": [5, 1, 9, 5], "texture": "#0"},
				"west": {"uv": [6, 1, 10, 5], "texture": "#0"},
				"up": {"uv": [6, 1, 10, 5], "texture": "#0"},
				"down": {"uv": [0, 0, 4, 4], "texture": "#0"}
			}
		},
		{
			"from": [5, 3, 5],
			"to": [11, 5, 11],
			"rotation": {"angle": 0, "axis": "y", "origin": [9, 0, 7]},
			"faces": {
				"north": {"uv": [0, 0, 6, 2], "texture": "#0"},
				"east": {"uv": [0, 0, 6, 2], "texture": "#0"},
				"south": {"uv": [0, 0, 6, 2], "texture": "#0"},
				"west": {"uv": [0, 0, 6, 2], "texture": "#0"},
				"up": {"uv": [0, 0, 6, 6], "texture": "#0"},
				"down": {"uv": [4, 3, 10, 9], "texture": "#1"}
			}
		},
		{
			"from": [5, 5, 12],
			"to": [11, 21, 13],
			"rotation": {"angle": 0, "axis": "y", "origin": [10, 13, 8]},
			"faces": {
				"north": {"uv": [0, 0, 6, 16], "texture": "#0"},
				"east": {"uv": [0, 0, 1, 16], "texture": "#0"},
				"south": {"uv": [5, 0, 11, 16], "texture": "#0"},
				"west": {"uv": [0, 0, 1, 16], "texture": "#0"},
				"up": {"uv": [0, 0, 6, 1], "texture": "#0"},
				"down": {"uv": [0, 0, 6, 1], "texture": "#0"}
			}
		},
		{
			"from": [5, 5, 3],
			"to": [11, 21, 4],
			"rotation": {"angle": 0, "axis": "y", "origin": [10, 13, -1]},
			"faces": {
				"north": {"uv": [5, 0, 11, 16], "texture": "#0"},
				"east": {"uv": [0, 0, 1, 16], "texture": "#0"},
				"south": {"uv": [0, 0, 6, 16], "texture": "#0"},
				"west": {"uv": [0, 0, 1, 16], "texture": "#0"},
				"up": {"uv": [0, 0, 6, 1], "texture": "#0"},
				"down": {"uv": [0, 0, 6, 1], "texture": "#0"}
			}
		},
		{
			"from": [5, 0, 0],
			"to": [11, 8, 1],
			"rotation": {"angle": 0, "axis": "y", "origin": [10, 0, -4]},
			"faces": {
				"north": {"uv": [0, 0, 6, 8], "texture": "#0"},
				"east": {"uv": [0, 0, 1, 8], "texture": "#0"},
				"south": {"uv": [0, 0, 6, 8], "texture": "#0"},
				"west": {"uv": [0, 0, 1, 8], "texture": "#0"},
				"up": {"uv": [0, 0, 6, 1], "texture": "#0"},
				"down": {"uv": [0, 0, 6, 1], "texture": "#0"}
			}
		},
		{
			"from": [5, 8, 2],
			"to": [11, 16, 3],
			"rotation": {"angle": 0, "axis": "y", "origin": [10, 8, -2]},
			"faces": {
				"north": {"uv": [0, 0, 6, 8], "texture": "#0"},
				"east": {"uv": [0, 0, 1, 8], "texture": "#0"},
				"south": {"uv": [0, 0, 6, 8], "texture": "#0"},
				"west": {"uv": [0, 0, 1, 8], "texture": "#0"},
				"up": {"uv": [0, 0, 6, 1], "texture": "#0"},
				"down": {"uv": [0, 0, 6, 1], "texture": "#0"}
			}
		},
		{
			"from": [5, 4, 1],
			"to": [11, 12, 2],
			"rotation": {"angle": 0, "axis": "y", "origin": [10, 4, -3]},
			"faces": {
				"north": {"uv": [0, 0, 6, 8], "texture": "#0"},
				"east": {"uv": [0, 0, 1, 8], "texture": "#0"},
				"south": {"uv": [0, 0, 6, 8], "texture": "#0"},
				"west": {"uv": [0, 0, 1, 8], "texture": "#0"},
				"up": {"uv": [0, 0, 6, 1], "texture": "#0"},
				"down": {"uv": [0, 0, 6, 1], "texture": "#0"}
			}
		},
		{
			"from": [0, 0, 5],
			"to": [1, 8, 11],
			"rotation": {"angle": 0, "axis": "y", "origin": [-2, 8, 7]},
			"faces": {
				"north": {"uv": [0, 0, 1, 8], "texture": "#0"},
				"east": {"uv": [0, 0, 6, 8], "texture": "#0"},
				"south": {"uv": [0, 0, 1, 8], "texture": "#0"},
				"west": {"uv": [0, 0, 6, 8], "texture": "#0"},
				"up": {"uv": [0, 0, 1, 6], "texture": "#0"},
				"down": {"uv": [0, 0, 1, 6], "texture": "#0"}
			}
		},
		{
			"from": [1, 4, 5],
			"to": [2, 12, 11],
			"rotation": {"angle": 0, "axis": "y", "origin": [-1, 12, 7]},
			"faces": {
				"north": {"uv": [0, 0, 1, 8], "texture": "#0"},
				"east": {"uv": [0, 0, 6, 8], "texture": "#0"},
				"south": {"uv": [0, 0, 1, 8], "texture": "#0"},
				"west": {"uv": [0, 0, 6, 8], "texture": "#0"},
				"up": {"uv": [0, 0, 1, 6], "texture": "#0"},
				"down": {"uv": [0, 0, 1, 6], "texture": "#0"}
			}
		},
		{
			"from": [2, 8, 5],
			"to": [3, 16, 11],
			"rotation": {"angle": 0, "axis": "y", "origin": [0, 16, 7]},
			"faces": {
				"north": {"uv": [0, 0, 1, 8], "texture": "#0"},
				"east": {"uv": [0, 0, 6, 8], "texture": "#0"},
				"south": {"uv": [0, 0, 1, 8], "texture": "#0"},
				"west": {"uv": [0, 0, 6, 8], "texture": "#0"},
				"up": {"uv": [0, 0, 1, 6], "texture": "#0"},
				"down": {"uv": [0, 0, 1, 6], "texture": "#0"}
			}
		},
		{
			"from": [15, 0, 5],
			"to": [16, 8, 11],
			"rotation": {"angle": 0, "axis": "y", "origin": [13, 8, 7]},
			"faces": {
				"north": {"uv": [0, 0, 1, 8], "texture": "#0"},
				"east": {"uv": [0, 0, 6, 8], "texture": "#0"},
				"south": {"uv": [0, 0, 1, 8], "texture": "#0"},
				"west": {"uv": [0, 0, 6, 8], "texture": "#0"},
				"up": {"uv": [0, 0, 1, 6], "texture": "#0"},
				"down": {"uv": [0, 0, 1, 6], "texture": "#0"}
			}
		},
		{
			"from": [14, 4, 5],
			"to": [15, 12, 11],
			"rotation": {"angle": 0, "axis": "y", "origin": [12, 12, 7]},
			"faces": {
				"north": {"uv": [0, 0, 1, 8], "texture": "#0"},
				"east": {"uv": [0, 0, 6, 8], "texture": "#0"},
				"south": {"uv": [0, 0, 1, 8], "texture": "#0"},
				"west": {"uv": [0, 0, 6, 8], "texture": "#0"},
				"up": {"uv": [0, 0, 1, 6], "texture": "#0"},
				"down": {"uv": [0, 0, 1, 6], "texture": "#0"}
			}
		},
		{
			"from": [13, 8, 5],
			"to": [14, 16, 11],
			"rotation": {"angle": 0, "axis": "y", "origin": [11, 16, 7]},
			"faces": {
				"north": {"uv": [0, 0, 1, 8], "texture": "#0"},
				"east": {"uv": [0, 0, 6, 8], "texture": "#0"},
				"south": {"uv": [0, 0, 1, 8], "texture": "#0"},
				"west": {"uv": [0, 0, 6, 8], "texture": "#0"},
				"up": {"uv": [0, 0, 1, 6], "texture": "#0"},
				"down": {"uv": [0, 0, 1, 6], "texture": "#0"}
			}
		}
	],
	"display": {
		"gui": {
			"rotation": [30, 225, 0],
			"scale": [0.625, 0.625, 0.625]
		},
		"head": {
			"translation": [0, -30, 0],
			"scale": [4, 4, 4]
		},
		"fixed": {
			"rotation": [-90, 0, 0],
			"scale": [4, 4, 4]
		}
	},
	"groups": [
		{
			"name": "leg_s",
			"origin": [10, 4, 10],
			"children": [0, 1, 2]
		},
		{
			"name": "body",
			"origin": [10, 13, -1],
			"children": [3, 4, 5, 6, 7, 8, 9, 10]
		},
		{
			"name": "leg_n",
			"origin": [10, 4, 10],
			"children": [11, 12, 13]
		},
		{
			"name": "leg_w",
			"origin": [0, 16, 7],
			"children": [14, 15, 16]
		},
		{
			"name": "leg_e",
			"origin": [0, 16, 7],
			"children": [17, 18, 19]
		}
	]
}