{
	"credit": "Made with Blockbench",
	"textures": {
		"0": "item/bebyspider",
		"particle": "item/bebyspider"
	},
	"elements": [
		{
			"name": "bebyspider_0",
			"from": [6, 8, 4],
			"to": [10, 10, 13],
			"faces": {
				"north": {"uv": [10, 4, 6, 5], "texture": "#0"},
				"east": {"uv": [9, 4, 10, 13], "rotation": 90, "texture": "#0"},
				"south": {"uv": [6, 12, 10, 13], "texture": "#0"},
				"west": {"uv": [6, 4, 7, 13], "rotation": 270, "texture": "#0"},
				"up": {"uv": [6, 4, 10, 13], "texture": "#0"},
				"down": {"uv": [6, 13, 10, 4], "texture": "#0"}
			}
		},
		{
			"name": "bebyspider_1",
			"from": [1, 8, 5],
			"to": [6, 9, 6],
			"faces": {
				"north": {"uv": [6, 5, 1, 6], "texture": "#0"},
				"east": {"uv": [5, 5, 6, 6], "rotation": 90, "texture": "#0"},
				"south": {"uv": [1, 5, 6, 6], "texture": "#0"},
				"west": {"uv": [1, 5, 2, 6], "rotation": 270, "texture": "#0"},
				"up": {"uv": [1, 5, 6, 6], "texture": "#0"},
				"down": {"uv": [1, 6, 6, 5], "texture": "#0"}
			}
		},
		{
			"name": "bebyspider_2",
			"from": [10, 8, 5],
			"to": [15, 9, 6],
			"faces": {
				"north": {"uv": [15, 5, 10, 6], "texture": "#0"},
				"east": {"uv": [14, 5, 15, 6], "rotation": 90, "texture": "#0"},
				"south": {"uv": [10, 5, 15, 6], "texture": "#0"},
				"west": {"uv": [10, 5, 11, 6], "rotation": 270, "texture": "#0"},
				"up": {"uv": [10, 5, 15, 6], "texture": "#0"},
				"down": {"uv": [10, 6, 15, 5], "texture": "#0"}
			}
		},
		{
			"name": "bebyspider_3",
			"from": [5, 8, 6],
			"to": [6, 9, 13],
			"faces": {
				"north": {"uv": [6, 6, 5, 7], "texture": "#0"},
				"east": {"uv": [5, 6, 6, 13], "rotation": 90, "texture": "#0"},
				"south": {"uv": [5, 12, 6, 13], "texture": "#0"},
				"west": {"uv": [5, 6, 6, 13], "rotation": 270, "texture": "#0"},
				"up": {"uv": [5, 6, 6, 13], "texture": "#0"},
				"down": {"uv": [5, 13, 6, 6], "texture": "#0"}
			}
		},
		{
			"name": "bebyspider_4",
			"from": [10, 8, 6],
			"to": [11, 9, 13],
			"faces": {
				"north": {"uv": [11, 6, 10, 7], "texture": "#0"},
				"east": {"uv": [10, 6, 11, 13], "rotation": 90, "texture": "#0"},
				"south": {"uv": [10, 12, 11, 13], "texture": "#0"},
				"west": {"uv": [10, 6, 11, 13], "rotation": 270, "texture": "#0"},
				"up": {"uv": [10, 6, 11, 13], "texture": "#0"},
				"down": {"uv": [10, 13, 11, 6], "texture": "#0"}
			}
		},
		{
			"name": "bebyspider_5",
			"from": [1, 8, 7],
			"to": [5, 9, 8],
			"faces": {
				"north": {"uv": [5, 7, 1, 8], "texture": "#0"},
				"east": {"uv": [4, 7, 5, 8], "rotation": 90, "texture": "#0"},
				"south": {"uv": [1, 7, 5, 8], "texture": "#0"},
				"west": {"uv": [1, 7, 2, 8], "rotation": 270, "texture": "#0"},
				"up": {"uv": [1, 7, 5, 8], "texture": "#0"},
				"down": {"uv": [1, 8, 5, 7], "texture": "#0"}
			}
		},
		{
			"name": "bebyspider_6",
			"from": [11, 8, 7],
			"to": [15, 9, 8],
			"faces": {
				"north": {"uv": [15, 7, 11, 8], "texture": "#0"},
				"east": {"uv": [14, 7, 15, 8], "rotation": 90, "texture": "#0"},
				"south": {"uv": [11, 7, 15, 8], "texture": "#0"},
				"west": {"uv": [11, 7, 12, 8], "rotation": 270, "texture": "#0"},
				"up": {"uv": [11, 7, 15, 8], "texture": "#0"},
				"down": {"uv": [11, 8, 15, 7], "texture": "#0"}
			}
		},
		{
			"name": "bebyspider_7",
			"from": [1, 8, 9],
			"to": [5, 9, 10],
			"faces": {
				"north": {"uv": [5, 9, 1, 10], "texture": "#0"},
				"east": {"uv": [4, 9, 5, 10], "rotation": 90, "texture": "#0"},
				"south": {"uv": [1, 9, 5, 10], "texture": "#0"},
				"west": {"uv": [1, 9, 2, 10], "rotation": 270, "texture": "#0"},
				"up": {"uv": [1, 9, 5, 10], "texture": "#0"},
				"down": {"uv": [1, 10, 5, 9], "texture": "#0"}
			}
		},
		{
			"name": "bebyspider_8",
			"from": [11, 8, 9],
			"to": [15, 9, 10],
			"faces": {
				"north": {"uv": [15, 9, 11, 10], "texture": "#0"},
				"east": {"uv": [14, 9, 15, 10], "rotation": 90, "texture": "#0"},
				"south": {"uv": [11, 9, 15, 10], "texture": "#0"},
				"west": {"uv": [11, 9, 12, 10], "rotation": 270, "texture": "#0"},
				"up": {"uv": [11, 9, 15, 10], "texture": "#0"},
				"down": {"uv": [11, 10, 15, 9], "texture": "#0"}
			}
		},
		{
			"name": "bebyspider_9",
			"from": [1, 8, 11],
			"to": [5, 9, 12],
			"faces": {
				"north": {"uv": [5, 11, 1, 12], "texture": "#0"},
				"east": {"uv": [4, 11, 5, 12], "rotation": 90, "texture": "#0"},
				"south": {"uv": [1, 11, 5, 12], "texture": "#0"},
				"west": {"uv": [1, 11, 2, 12], "rotation": 270, "texture": "#0"},
				"up": {"uv": [1, 11, 5, 12], "texture": "#0"},
				"down": {"uv": [1, 12, 5, 11], "texture": "#0"}
			}
		},
		{
			"name": "bebyspider_10",
			"from": [11, 8, 11],
			"to": [15, 9, 12],
			"faces": {
				"north": {"uv": [15, 11, 11, 12], "texture": "#0"},
				"east": {"uv": [14, 11, 15, 12], "rotation": 90, "texture": "#0"},
				"south": {"uv": [11, 11, 15, 12], "texture": "#0"},
				"west": {"uv": [11, 11, 12, 12], "rotation": 270, "texture": "#0"},
				"up": {"uv": [11, 11, 15, 12], "texture": "#0"},
				"down": {"uv": [11, 12, 15, 11], "texture": "#0"}
			}
		}
	],
	"display": {
		"head": {
			"translation": [0, -36, 0]
		},
		"fixed": {
			"rotation": [-90, 0, 0]
		}
	},
	"groups": [
		{
			"name": "bebyspider",
			"origin": [8, 8, 8],
			"color": 0,
			"children": [0, 1, 2, 3, 4, 5, 6, 7, 8, 9, 10]
		}
	]
}